Similarity,Acc_1,Acc_2,Acc_3,Acc_4,Acc_5,Mean Accuracy
Matching Similarity,0.918925316606,0.91336252811,0.920108888626,0.913007456504,0.920582317434,0.917197301456
