Gamma,Acc_1,Acc_2,Acc_3,Acc_4,Acc_5,Mean Accuracy
Gamma = 1,0.834654988756,0.826251627412,0.836311989585,0.831459344301,0.83311634513,0.832358859037
Gamma = 2,0.83548348917,0.825778198603,0.838679133625,0.832642916321,0.83370813114,0.833258373772
Gamma = 3,0.836311989585,0.825541484199,0.837850633211,0.830394129483,0.832169487513,0.832453544798
Gamma = 4,0.836311989585,0.825659841401,0.837968990413,0.830867558291,0.831696058705,0.832500887679
