Similarity,Acc_1,Acc_2,Acc_3,Acc_4,Acc_5,Mean Accuracy
Matching Similarity,0.880459225944,0.875724937862,0.884246656409,0.88199786957,0.879275653924,0.880340868742
