Similarity,Acc_1,Acc_2,Acc_3,Acc_4,Acc_5,Mean Accuracy
Matching Similarity,0.882944727187,0.878683867913,0.886377086046,0.885785300036,0.878802225115,0.882518641259
