Similarity,Acc_1,Acc_2,Acc_3,Acc_4,Acc_5,Mean Accuracy
Matching Similarity,0.783879749083,0.784116463487,0.780684104628,0.778672032193,0.787548822346,0.782980234347
Dice Similarity,0.601609657948,0.612261806131,0.612380163333,0.608474375666,0.605278731211,0.608000946858
Jaccard Similarity,0.601609657948,0.612261806131,0.612380163333,0.608474375666,0.605278731211,0.608000946858
Overlap Similarity,0.612143448929,0.618179666233,0.618179666233,0.617942951829,0.61510237898,0.616309622441
Cosine Similarity,0.69594034797,0.702094922476,0.696177062374,0.697242277193,0.692507989111,0.696792519825
