Similarity,Acc_1,Acc_2,Acc_3,Acc_4,Acc_5,Mean Accuracy
All similarities,0.789915966387,0.784708249497,0.784471535093,0.777961888981,0.787430465144,0.78489762102
