Similarity,Acc_1,Acc_2,Acc_3,Acc_4,Acc_5,Mean Accuracy
Matching Similarity,0.932773109244,0.930642679607,0.937270682921,0.936560539709,0.939756184164,0.935400639129

