Gamma,Acc_1,Acc_2,Acc_3,Acc_4,Acc_5,Mean Accuracy
Gamma = 1,0.786483607528,0.784589892295,0.78660196473,0.789797609185,0.790034323589,0.787501479465
Gamma = 2,0.822819268552,0.809444904722,0.819031838087,0.817966623269,0.816664694047,0.817185465736
Gamma = 3,0.821043910522,0.807906261096,0.815362764824,0.811812048763,0.809444904722,0.813113977986
Gamma = 4,0.811338619955,0.801041543378,0.79536039768,0.808971475914,0.801988400994,0.803740087584
Gamma = 5,0.795715469286,0.778790389395,0.78719375074,0.783524677477,0.782104391052,0.78546573559
Gamma = 6,0.771097171263,0.751094804119,0.747899159664,0.760918451888,0.75464552018,0.757131021423
