Number of trees,Acc_1,Acc_2,Acc_3,Acc_4,Acc_5,Mean Accuracy
Gamma = 1,0.863770860457,0.861403716416,0.872766007812,0.865782932891,0.865072789679,0.865759261451
Gamma = 2,0.862587288437,0.859154929577,0.870162149367,0.863297431649,0.865072789679,0.864054917742
