Similarity,Acc_1,Acc_2,Acc_3,Acc_4,Acc_5,Mean Accuracy
Matching Similarity,0.963309267369,0.958338264883,0.961888980944,0.959166765298,0.963664338975,0.961273523494
