Number of trees,Acc_1,Acc_2,Acc_3,Acc_4,Acc_5,Mean Accuracy
Nb Trees = 10,0.847319209374,0.838679133625,0.845425494141,0.843058350101,0.839034205231,0.842703278494
Nb Trees = 60,0.848857853,0.842111492484,0.849094567404,0.842348206888,0.839744348444,0.844431293644
Nb Trees = 100,0.849567996213,0.842939992899,0.850751568233,0.844596993727,0.843531778909,0.846277665996
Nb Trees = 200,0.851816783051,0.840809563262,0.849331281808,0.843295064505,0.843058350101,0.845662208545
