Similarity,Acc_1,Acc_2,Acc_3,Acc_4,Acc_5,Mean Accuracy
Matching Similarity,0.810650887574,0.828402366864,0.804733727811,0.798816568047,0.852071005917,0.818934911243
