Similarity,Acc_1,Acc_2,Acc_3,Acc_4,Acc_5,Mean Accuracy
Matching Similarity,0.784023668639,0.786982248521,0.739644970414,0.789940828402,0.766272189349,0.773372781065
Dice Similarity,0.710059171598,0.662721893491,0.695266272189,0.597633136095,0.721893491124,0.677514792899
Jaccard Similarity,0.710059171598,0.662721893491,0.695266272189,0.597633136095,0.721893491124,0.677514792899
Overlap Similarity,0.718934911243,0.656804733728,0.689349112426,0.615384615385,0.724852071006,0.681065088757
Cosine Similarity,0.715976331361,0.659763313609,0.695266272189,0.600591715976,0.721893491124,0.678698224852
