Size of training set,Ada Boost N_tree 100,Rnd Forest N_tree 100
5.0%,0.965357755452,0.965112717471
10.0%,0.968941435923,0.97038103406
15.0%,0.969063954913,0.971820632198
20.0%,0.971544964469,0.97295393286
25.0%,0.972188189169,0.974056603774
30.0%,0.972708894879,0.974179122764
35.0%,0.973474638569,0.974424160745
40.0%,0.973689046802,0.974852977211
45.0%,0.973015192355,0.975312423426
50.0%,0.973290860083,0.976108796864
